,aqi,pm25,pm10,no2,co
"Pre-COVID
(Mar–Jun 2019)",241.77777777777777,114.88989898989901,206.85151515151512,46.707070707070706,1.6099999999999999
"COVID Lockdown
(Mar–Jun 2020)",178.1818181818182,81.65858585858585,146.53232323232325,33.46464646464646,1.0906060606060606
"Post-COVID
(Mar–Jun 2021)",223.4949494949495,103.20000000000002,188.44141414141416,42.721212121212126,1.3715151515151511
